<edmx:Edmx xmlns:edmx="http://docs.oasis-open.org/odata/ns/edmx" Version="4.0">
    <edmx:Reference Uri="https://sap.github.io/odata-vocabularies/vocabularies/Common.xml">
        <edmx:Include Namespace="com.sap.vocabularies.Common.v1" Alias="Common"/>
    </edmx:Reference>
    <edmx:Reference Uri="https://sap.github.io/odata-vocabularies/vocabularies/UI.xml">
        <edmx:Include Namespace="com.sap.vocabularies.UI.v1" Alias="UI"/>
    </edmx:Reference>
    <edmx:Reference Uri="/sap/opu/odata/sap/YST_XCE_MM_TOOL_UI_PREP/$metadata">
        <edmx:Include Namespace="cds_yst_xce_mm_tool_ui_prep"/>
    </edmx:Reference>
    <edmx:DataServices>
        <Schema xmlns="http://docs.oasis-open.org/odata/ns/edm" Namespace="local">
            <Annotations Target="cds_yst_xce_mm_tool_ui_prep.BlockedStockOvpType">
                <Annotation Term="UI.Chart" Qualifier="BlockedStock_Chart_Qualifier">
                    <Record Type="UI.ChartDefinitionType">
                        <PropertyValue Property="ChartType" EnumMember="UI.ChartType/Column"/>
                        <PropertyValue Property="Title" String="Blocked Stock"/>
                        <PropertyValue Property="Dimensions">
                            <Collection>
                                <PropertyPath>NumberOfTools</PropertyPath>
                            </Collection>
                        </PropertyValue>
                        <PropertyValue Property="DimensionAttributes">
                            <Collection>
                                <Record Type="UI.ChartDimensionAttributeType">
                                    <PropertyValue Property="Dimension" PropertyPath="NumberOfTools"/>
                                    <PropertyValue Property="Role" EnumMember="UI.ChartDimensionRoleType/Category"/>
                                </Record>
                            </Collection>
                        </PropertyValue>
                        <PropertyValue Property="Measures">
                            <Collection>
                                <PropertyPath>NumberOfTools</PropertyPath>
                            </Collection>
                        </PropertyValue>
                        <PropertyValue Property="MeasureAttributes">
                            <Collection>
                                <Record Type="UI.ChartMeasureAttributeType">
                                    <PropertyValue Property="Measure" PropertyPath="NumberOfTools"/>
                                    <PropertyValue Property="Role" EnumMember="UI.ChartMeasureRoleType/Axis1"/>
                                </Record>
                            </Collection>
                        </PropertyValue>
                    </Record>
                </Annotation>
                <Annotation Term="UI.PresentationVariant" Qualifier="BlockedStock_Variant_Qualifier">
                    <Record>
                        <PropertyValue Property="Visualizations">
                            <Collection>
                                <AnnotationPath>@UI.Chart#BlockedStock_Chart_Qualifier</AnnotationPath>
                            </Collection>
                        </PropertyValue>
                        <PropertyValue Property="SortOrder">
                            <Collection>
                                <Record Type="Common.SortOrderType">
                                    <PropertyValue Property="Property" PropertyPath="NumberOfTools"/>
                                    <PropertyValue Property="Descending" Bool="false"/>
                                </Record>
                            </Collection>
                        </PropertyValue>
                    </Record>
                </Annotation>
                <Annotation Term="UI.DataPoint" Qualifier="MaterialGroup_DataPoint_Qualifier">
                    <Record Type="UI.DataPointType">
                        <PropertyValue Property="Criticality" EnumMember="UI.CriticalityType/Information"/>
                        <PropertyValue Property="Value" Path="MaterialGroup"/>
                        <PropertyValue Property="Title" String="Material Group"/>
                    </Record>
                </Annotation>
            </Annotations>
            <Annotations Target="cds_yst_xce_mm_tool_ui_prep.ToolLifetimeOvpType">
                <Annotation Term="UI.DataPoint" Qualifier="ToolLifetime_DataPoint_Qualifier">
                    <Record Type="UI.DataPointType">
                        <PropertyValue Property="Criticality" EnumMember="UI.CriticalityType/Critical"/>
                        <PropertyValue Property="Value" Path="ToolLifetime"/>
                        <PropertyValue Property="Title" String="No Rem. Uses"/>
                    </Record>
                </Annotation>
                <Annotation Term="UI.LineItem" Qualifier="ToolLifetime_Qualifier">
                    <Collection>
                        <Record Type="UI.DataField">
                            <PropertyValue Property="Value" Path="RemainingUsesOVP"/>
                            <Annotation Term="UI.Importance" EnumMember="UI.ImportanceType/High"/>
                        </Record>
                    </Collection>
                </Annotation>
                <Annotation Term="UI.SelectionVariant" Qualifier="Remaining_Variant_Qualifier">
                    <Record>
                        <PropertyValue Property="SelectOptions">
                            <Collection>
                                <Record Type="UI.SelectOptionType">
                                    <PropertyValue Property="PropertyName" PropertyPath="RemainingUsesOVP"/>
                                    <PropertyValue Property="Ranges">
                                        <Collection>
                                            <Record Type="UI.SelectionRangeType">
                                                <PropertyValue Property="Sign" EnumMember="UI.SelectionRangeSignType/I"/>
                                                <PropertyValue Property="Option" EnumMember="UI.SelectionRangeOptionType/EQ"/>
                                                <PropertyValue Property="Low" String="No Rem. Uses"/>
                                            </Record>
                                        </Collection>
                                    </PropertyValue>
                                </Record>
                            </Collection>
                        </PropertyValue>
                        <PropertyValue Property="Parameters">
                            <Collection>
                                <Record Type="UI.Parameter">
                                    <PropertyValue Property="PropertyName" PropertyPath="RemainingUsesOVP"/>
                                    <PropertyValue Property="PropertyValue" String="No Rem. Uses"/>
                                </Record>
                            </Collection>
                        </PropertyValue>
                    </Record>
                </Annotation>
                <Annotation Term="UI.Identification" Qualifier="ToolLifetime_Qualifier">
                    <Collection>
                        <Record Type="UI.DataField">
                            <PropertyValue Property="Value" Path="RemainingUsesOVP"/>
                            <PropertyValue Property="Label" String="Rem uses"/>
                            <Annotation Term="UI.Importance" EnumMember="UI.ImportanceType/High"/>
                        </Record>
                    </Collection>
                </Annotation>
            </Annotations>
        </Schema>
    </edmx:DataServices>
</edmx:Edmx>