<?xml version="1.0" encoding="utf-8"?>
<edmx:Edmx Version="1.0" xmlns:edmx="http://schemas.microsoft.com/ado/2007/06/edmx" xmlns:m="http://schemas.microsoft.com/ado/2007/08/dataservices/metadata" xmlns:sap="http://www.sap.com/Protocols/SAPData">
    <edmx:Reference Uri="https://aiovs4t0.aio-sap.os.itelligence.de:44300/sap/opu/odata/iwfnd/catalogservice;v=2/Vocabularies(TechnicalName='%2FIWBEP%2FVOC_AGGREGATION',Version='0001',SAP__Origin='')/$value" xmlns:edmx="http://docs.oasis-open.org/odata/ns/edmx">
        <edmx:Include Namespace="Org.OData.Aggregation.V1" Alias="Aggregation"/>
    </edmx:Reference>
    <edmx:Reference Uri="https://aiovs4t0.aio-sap.os.itelligence.de:44300/sap/opu/odata/iwfnd/catalogservice;v=2/Vocabularies(TechnicalName='%2FIWBEP%2FVOC_ANALYTICS',Version='0001',SAP__Origin='')/$value" xmlns:edmx="http://docs.oasis-open.org/odata/ns/edmx">
        <edmx:Include Namespace="com.sap.vocabularies.Analytics.v1" Alias="Analytics"/>
    </edmx:Reference>
    <edmx:Reference Uri="https://aiovs4t0.aio-sap.os.itelligence.de:44300/sap/opu/odata/iwfnd/catalogservice;v=2/Vocabularies(TechnicalName='%2FIWBEP%2FVOC_CAPABILITIES',Version='0001',SAP__Origin='')/$value" xmlns:edmx="http://docs.oasis-open.org/odata/ns/edmx">
        <edmx:Include Namespace="Org.OData.Capabilities.V1" Alias="Capabilities"/>
    </edmx:Reference>
    <edmx:Reference Uri="https://aiovs4t0.aio-sap.os.itelligence.de:44300/sap/opu/odata/iwfnd/catalogservice;v=2/Vocabularies(TechnicalName='%2FIWBEP%2FVOC_CODELIST',Version='0001',SAP__Origin='')/$value" xmlns:edmx="http://docs.oasis-open.org/odata/ns/edmx">
        <edmx:Include Namespace="com.sap.vocabularies.CodeList.v1" Alias="SAP__CodeList"/>
    </edmx:Reference>
    <edmx:Reference Uri="https://aiovs4t0.aio-sap.os.itelligence.de:44300/sap/opu/odata/iwfnd/catalogservice;v=2/Vocabularies(TechnicalName='%2FIWBEP%2FVOC_COMMON',Version='0001',SAP__Origin='')/$value" xmlns:edmx="http://docs.oasis-open.org/odata/ns/edmx">
        <edmx:Include Namespace="com.sap.vocabularies.Common.v1" Alias="Common"/>
        <edmx:Include Namespace="com.sap.vocabularies.Common.v1" Alias="SAP__common"/>
    </edmx:Reference>
    <edmx:Reference Uri="https://aiovs4t0.aio-sap.os.itelligence.de:44300/sap/opu/odata/iwfnd/catalogservice;v=2/Vocabularies(TechnicalName='%2FIWBEP%2FVOC_COMMUNICATION',Version='0001',SAP__Origin='')/$value" xmlns:edmx="http://docs.oasis-open.org/odata/ns/edmx">
        <edmx:Include Namespace="com.sap.vocabularies.Communication.v1" Alias="Communication"/>
    </edmx:Reference>
    <edmx:Reference Uri="https://aiovs4t0.aio-sap.os.itelligence.de:44300/sap/opu/odata/iwfnd/catalogservice;v=2/Vocabularies(TechnicalName='%2FIWBEP%2FVOC_CORE',Version='0001',SAP__Origin='')/$value" xmlns:edmx="http://docs.oasis-open.org/odata/ns/edmx">
        <edmx:Include Namespace="Org.OData.Core.V1" Alias="SAP__core"/>
    </edmx:Reference>
    <edmx:Reference Uri="https://aiovs4t0.aio-sap.os.itelligence.de:44300/sap/opu/odata/iwfnd/catalogservice;v=2/Vocabularies(TechnicalName='%2FIWBEP%2FVOC_MEASURES',Version='0001',SAP__Origin='')/$value" xmlns:edmx="http://docs.oasis-open.org/odata/ns/edmx">
        <edmx:Include Namespace="Org.OData.Measures.V1" Alias="Measures"/>
    </edmx:Reference>
    <edmx:Reference Uri="https://aiovs4t0.aio-sap.os.itelligence.de:44300/sap/opu/odata/iwfnd/catalogservice;v=2/Vocabularies(TechnicalName='%2FIWBEP%2FVOC_PDF',Version='0001',SAP__Origin='')/$value" xmlns:edmx="http://docs.oasis-open.org/odata/ns/edmx">
        <edmx:Include Namespace="com.sap.vocabularies.PDF.v1" Alias="SAP__PDF"/>
    </edmx:Reference>
    <edmx:Reference Uri="https://aiovs4t0.aio-sap.os.itelligence.de:44300/sap/opu/odata/iwfnd/catalogservice;v=2/Vocabularies(TechnicalName='%2FIWBEP%2FVOC_PERSONALDATA',Version='0001',SAP__Origin='')/$value" xmlns:edmx="http://docs.oasis-open.org/odata/ns/edmx">
        <edmx:Include Namespace="com.sap.vocabularies.PersonalData.v1" Alias="PersonalData"/>
    </edmx:Reference>
    <edmx:Reference Uri="https://aiovs4t0.aio-sap.os.itelligence.de:44300/sap/opu/odata/iwfnd/catalogservice;v=2/Vocabularies(TechnicalName='%2FIWBEP%2FVOC_UI',Version='0001',SAP__Origin='')/$value" xmlns:edmx="http://docs.oasis-open.org/odata/ns/edmx">
        <edmx:Include Namespace="com.sap.vocabularies.UI.v1" Alias="UI"/>
    </edmx:Reference>
    <edmx:Reference Uri="https://aiovs4t0.aio-sap.os.itelligence.de:44300/sap/opu/odata/iwfnd/catalogservice;v=2/Vocabularies(TechnicalName='%2FIWBEP%2FVOC_VALIDATION',Version='0001',SAP__Origin='')/$value" xmlns:edmx="http://docs.oasis-open.org/odata/ns/edmx">
        <edmx:Include Namespace="Org.OData.Validation.V1" Alias="Validation"/>
    </edmx:Reference>
    <edmx:Reference Uri="https://aiovs4t0.aio-sap.os.itelligence.de:44300/sap/opu/odata/iwfnd/catalogservice;v=2/Vocabularies(TechnicalName='SAP__SELF',Version='0001',SAP__Origin='')/$value" xmlns:edmx="http://docs.oasis-open.org/odata/ns/edmx">
        <edmx:Include Namespace="com.sap.vocabularies.PDF.v1" Alias="SAP__PDF"/>
    </edmx:Reference>
    <edmx:DataServices m:DataServiceVersion="2.0">
        <Schema Namespace="cds_yst_xce_mm_tool_ui_prep" xml:lang="en" sap:schema-version="1" xmlns="http://schemas.microsoft.com/ado/2008/09/edm">
            <Annotation Term="Core.SchemaVersion" String="1.0.0" xmlns="http://docs.oasis-open.org/odata/ns/edm"/>
            <EntityType Name="C_MM_MaterialGroupValueHelpType" sap:label="Material Group Value Help" sap:content-version="1">
                <Key>
                    <PropertyRef Name="MaterialGroup"/>
                </Key>
                <Property Name="MaterialGroup" Type="Edm.String" Nullable="false" MaxLength="9" sap:display-format="UpperCase" sap:text="MaterialGroupName" sap:label="Product Group"/>
                <Property Name="MaterialGroupText" Type="Edm.String" MaxLength="60" sap:label="Material Group Text" sap:quickinfo="Description of the Material Group"/>
                <Property Name="MaterialGroupName" Type="Edm.String" MaxLength="20" sap:label="Product Group Description"/>
            </EntityType>
            <EntityType Name="C_MM_MaterialValueHelpType" sap:label="Material Value Help" sap:content-version="1">
                <Key>
                    <PropertyRef Name="Material"/>
                    <PropertyRef Name="Plant"/>
                </Key>
                <Property Name="Material" Type="Edm.String" Nullable="false" MaxLength="18" sap:display-format="UpperCase" sap:text="MaterialName" sap:label="Material" sap:quickinfo="Material Number" sap:value-list="standard"/>
                <Property Name="Plant" Type="Edm.String" Nullable="false" MaxLength="4" sap:display-format="UpperCase" sap:label="Plant"/>
                <Property Name="MaterialName" Type="Edm.String" MaxLength="40" sap:label="Material Description"/>
                <Property Name="PlantName" Type="Edm.String" MaxLength="30" sap:label="Plant Name"/>
                <Property Name="MaterialGroup" Type="Edm.String" MaxLength="9" sap:display-format="UpperCase" sap:label="Material Group"/>
                <Property Name="MaterialGroupName" Type="Edm.String" MaxLength="20" sap:label="Product Group Desc." sap:quickinfo="Product Group Description"/>
                <Property Name="MaterialType" Type="Edm.String" MaxLength="4" sap:display-format="UpperCase" sap:label="Material Type"/>
                <Property Name="AuthorizationGroup" Type="Edm.String" MaxLength="4" sap:display-format="UpperCase" sap:label="Authorization Group"/>
                <Property Name="MaterialTypeName" Type="Edm.String" MaxLength="25" sap:label="Material Type Desc." sap:quickinfo="Description of Material Type"/>
                <Property Name="MaterialBaseUnit" Type="Edm.String" MaxLength="3" sap:label="Base Unit of Measure" sap:semantics="unit-of-measure"/>
                <Property Name="ProductTypeCode" Type="Edm.String" MaxLength="2" sap:display-format="UpperCase" sap:text="ProductTypeName" sap:label="Product Type Group"/>
                <Property Name="ProductTypeName" Type="Edm.String" MaxLength="40" sap:label="Product Type Desc." sap:quickinfo="Product Type Group Description"/>
            </EntityType>
            <EntityType Name="C_MM_PlantValueHelpType" sap:label="Plant Value Help" sap:content-version="1">
                <Key>
                    <PropertyRef Name="Plant"/>
                    <PropertyRef Name="PurchasingOrganization"/>
                </Key>
                <Property Name="Plant" Type="Edm.String" Nullable="false" MaxLength="4" sap:display-format="UpperCase" sap:text="PlantName" sap:label="Plant"/>
                <Property Name="PurchasingOrganization" Type="Edm.String" Nullable="false" MaxLength="4" sap:display-format="UpperCase" sap:text="PurchasingOrganizationName" sap:label="Purchasing Organization"/>
                <Property Name="PlantName" Type="Edm.String" MaxLength="30" sap:label="Plant Name"/>
                <Property Name="PurchasingOrganizationName" Type="Edm.String" MaxLength="20" sap:label="Purchasing Organization Name"/>
                <Property Name="CityName" Type="Edm.String" MaxLength="40" sap:label="City"/>
                <Property Name="PostalCode" Type="Edm.String" MaxLength="10" sap:display-format="UpperCase" sap:label="Postal Code" sap:quickinfo="City postal code"/>
            </EntityType>
            <EntityType Name="C_MM_SupplierValueHelpType" sap:label="Supplier" sap:content-version="1">
                <Key>
                    <PropertyRef Name="Supplier"/>
                    <PropertyRef Name="CompanyCode"/>
                </Key>
                <Property Name="Supplier" Type="Edm.String" Nullable="false" MaxLength="10" sap:display-format="UpperCase" sap:text="SupplierName" sap:label="Supplier" sap:quickinfo="Account Number of Supplier"/>
                <Property Name="CompanyCode" Type="Edm.String" Nullable="false" MaxLength="4" sap:display-format="UpperCase" sap:label="Company Code" sap:value-list="standard"/>
                <Property Name="SupplierName" Type="Edm.String" MaxLength="80" sap:label="Name of Supplier"/>
                <Property Name="Country" Type="Edm.String" MaxLength="3" sap:display-format="UpperCase" sap:label="Country/Region Key"/>
                <Property Name="CityName" Type="Edm.String" MaxLength="40" sap:label="City"/>
                <Property Name="PostalCode" Type="Edm.String" MaxLength="10" sap:display-format="UpperCase" sap:label="Postal Code" sap:quickinfo="City postal code"/>
                <Property Name="Region" Type="Edm.String" MaxLength="3" sap:display-format="UpperCase" sap:label="Region" sap:quickinfo="Region (State, Province, County)"/>
                <Property Name="SortField" Type="Edm.String" MaxLength="10" sap:display-format="UpperCase" sap:label="Search term" sap:quickinfo="Sort field"/>
                <Property Name="FirstName" Type="Edm.String" MaxLength="40" sap:label="First Name" sap:quickinfo="First name of business partner (person)"/>
                <Property Name="LastName" Type="Edm.String" MaxLength="40" sap:label="Last Name" sap:quickinfo="Last name of business partner (person)"/>
                <Property Name="OrganizationBPName1" Type="Edm.String" MaxLength="40" sap:label="Name 1" sap:quickinfo="Name 1 of organization"/>
                <Property Name="OrganizationBPName2" Type="Edm.String" MaxLength="40" sap:label="Name 2" sap:quickinfo="Name 2 of organization"/>
                <Property Name="OrganizationBPName3" Type="Edm.String" MaxLength="40" sap:label="Name 3" sap:quickinfo="Name 3 of organization"/>
                <Property Name="OrganizationBPName4" Type="Edm.String" MaxLength="40" sap:label="Name 4" sap:quickinfo="Name 4 of organization"/>
                <Property Name="AuthorizationGroup" Type="Edm.String" MaxLength="4" sap:display-format="UpperCase" sap:label="Authorization" sap:quickinfo="Authorization Group"/>
                <Property Name="SupplierAccountGroup" Type="Edm.String" MaxLength="4" sap:display-format="UpperCase" sap:label="Account Group" sap:quickinfo="Vendor account group"/>
            </EntityType>
            <EntityType Name="I_CompanyCodeStdVHType" sap:label="Company Code" sap:value-list="true" sap:content-version="1">
                <Key>
                    <PropertyRef Name="CompanyCode"/>
                </Key>
                <Property Name="CompanyCode" Type="Edm.String" Nullable="false" MaxLength="4" sap:display-format="UpperCase" sap:text="CompanyCodeName" sap:label="Company Code"/>
                <Property Name="CompanyCodeName" Type="Edm.String" MaxLength="25" sap:label="Company Name" sap:quickinfo="Name of Company Code or Company"/>
            </EntityType>
            <EntityType Name="I_MaterialStdVHType" sap:label="Material" sap:value-list="true" sap:content-version="1">
                <Key>
                    <PropertyRef Name="Material"/>
                </Key>
                <Property Name="Material" Type="Edm.String" Nullable="false" MaxLength="18" sap:display-format="UpperCase" sap:text="Material_Text" sap:label="Material" sap:quickinfo="Material Number"/>
                <Property Name="Material_Text" Type="Edm.String" MaxLength="40" sap:label="Material Description" sap:creatable="false" sap:updatable="false"/>
            </EntityType>
            <EntityType Name="ToolsStorLocActType" sap:label="S4T-XCE-MM: TLP - Tools StorLoc SO Act" sap:content-version="1">
                <Key>
                    <PropertyRef Name="StorageLocation"/>
                    <PropertyRef Name="SemanticActionId"/>
                    <PropertyRef Name="SemanticAction"/>
                    <PropertyRef Name="SemanticObject"/>
                </Key>
                <Property Name="StorageLocation" Type="Edm.String" Nullable="false" MaxLength="4" sap:display-format="UpperCase" sap:label="Storage Location"/>
                <Property Name="SemanticActionId" Type="Edm.String" Nullable="false" MaxLength="2" sap:display-format="NonNegative" sap:label="SO Action ID" sap:quickinfo="S4T-XCE-MM: TLP - Semantic Object Action ID"/>
                <Property Name="SemanticAction" Type="Edm.String" Nullable="false" MaxLength="30" sap:label="Sem.Object Action" sap:quickinfo="S4T-XCE-MM: TLP - Semantic Object Action"/>
                <Property Name="SemanticObject" Type="Edm.String" Nullable="false" MaxLength="30" sap:label="Semantic Object" sap:quickinfo="S4T-XCE-MM: TLP - Semantic Object"/>
                <Property Name="SemanticActionName" Type="Edm.String" MaxLength="70" sap:label="Description" sap:quickinfo="VCXI: Description"/>
            </EntityType>
            <EntityType Name="BlockedStockOvpType" sap:semantics="aggregate" sap:label="S4T-XCE-MM: TLP - Stock OVP Chart card" sap:content-version="1">
                <Key>
                    <PropertyRef Name="ID"/>
                </Key>
                <Property Name="ID" Type="Edm.String" Nullable="false" sap:sortable="false" sap:filterable="false"/>
                <Property Name="Material" Type="Edm.String" MaxLength="18" sap:aggregation-role="dimension" sap:display-format="UpperCase" sap:label="Material"/>
                <Property Name="Plant" Type="Edm.String" MaxLength="4" sap:aggregation-role="dimension" sap:display-format="UpperCase" sap:label="Plant"/>
                <Property Name="Supplier" Type="Edm.String" MaxLength="10" sap:aggregation-role="dimension" sap:display-format="UpperCase" sap:label="Supplier SID" sap:quickinfo="Supplier for Special Stock"/>
                <Property Name="MaterialName" Type="Edm.String" MaxLength="40" sap:label="Material Name" sap:quickinfo="Material Description"/>
                <Property Name="MaterialGroup" Type="Edm.String" MaxLength="9" sap:aggregation-role="dimension" sap:display-format="UpperCase" sap:text="MaterialGroupName" sap:label="Product Group"/>
                <Property Name="MaterialGroupName" Type="Edm.String" MaxLength="20" sap:label="Material Group Description"/>
                <Property Name="SemanticActionId" Type="Edm.String" MaxLength="2" sap:aggregation-role="dimension" sap:display-format="NonNegative" sap:text="SemanticActionName" sap:label="Semantic Action Id" sap:quickinfo="S4T-XCE-MM: TLP - Semantic Object Action ID"/>
                <Property Name="SemanticAction" Type="Edm.String" MaxLength="30" sap:aggregation-role="dimension" sap:text="SemanticActionName" sap:label="Semantic Action" sap:quickinfo="S4T-XCE-MM: TLP - Semantic Object Action"/>
                <Property Name="SemanticActionName" Type="Edm.String" MaxLength="70" sap:label="Semantic Action Name"/>
                <Property Name="SemanticObject" Type="Edm.String" MaxLength="30" sap:aggregation-role="dimension" sap:label="Semantic Object" sap:quickinfo="S4T-XCE-MM: TLP - Semantic Object"/>
                <Property Name="NumberOfTools" Type="Edm.Int64" sap:aggregation-role="measure" sap:label="Blocked Tools Count" sap:sortable="false" sap:filterable="false"/>
            </EntityType>
            <EntityType Name="BlockedStockSmartFltrType" sap:label="S4T-XCE-MM: TLP - Filter ToolPrep OVP" sap:content-version="1">
                <Key>
                    <PropertyRef Name="Supplier"/>
                    <PropertyRef Name="Material"/>
                    <PropertyRef Name="MaterialGroup"/>
                    <PropertyRef Name="Plant"/>
                </Key>
                <Property Name="Supplier" Type="Edm.String" Nullable="false" MaxLength="10" sap:display-format="UpperCase" sap:label="Supplier" sap:quickinfo="Supplier for Special Stock"/>
                <Property Name="Material" Type="Edm.String" Nullable="false" MaxLength="18" sap:display-format="UpperCase" sap:label="Material" sap:quickinfo="Material in Respect of Which Stock is Managed"/>
                <Property Name="MaterialGroup" Type="Edm.String" Nullable="false" MaxLength="9" sap:display-format="UpperCase" sap:label="Material Group" sap:quickinfo="Product Group"/>
                <Property Name="Plant" Type="Edm.String" Nullable="false" MaxLength="4" sap:display-format="UpperCase" sap:label="Plant"/>
            </EntityType>
            <EntityType Name="MfgOrderToolsDOvpType" sap:label="S4T-XCE-MM: TLP - Tools ProdOrd OVP card" sap:content-version="1">
                <Key>
                    <PropertyRef Name="ManufacturingOrder"/>
                    <PropertyRef Name="ProductionResourceTool"/>
                </Key>
                <Property Name="ManufacturingOrder" Type="Edm.String" Nullable="false" MaxLength="12" sap:display-format="UpperCase" sap:label="Manufacturing Order" sap:quickinfo="Manufacturing Order ID"/>
                <Property Name="ProductionResourceTool" Type="Edm.String" Nullable="false" MaxLength="40" sap:display-format="UpperCase" sap:text="ToolDescription" sap:label="Production Resource/Tool" sap:quickinfo="Production Resource/Tool Number"/>
                <Property Name="MfgOrderPlannedStartDate" Type="Edm.DateTime" Precision="0" sap:display-format="Date" sap:label="Planned Start Date" sap:quickinfo="Manufacturing Order Planned Start Date"/>
                <Property Name="ToolDescription" Type="Edm.String" MaxLength="40" sap:label="Product Description"/>
            </EntityType>
            <EntityType Name="MfgOrderToolsOvpType" sap:label="S4T-XCE-MM: TLP - Tools ProdOrd OVP card" sap:content-version="1">
                <Key>
                    <PropertyRef Name="ManufacturingOrder"/>
                    <PropertyRef Name="ProductionResourceTool"/>
                </Key>
                <Property Name="ManufacturingOrder" Type="Edm.String" Nullable="false" MaxLength="12" sap:display-format="UpperCase" sap:label="Manufacturing Order" sap:quickinfo="Manufacturing Order ID"/>
                <Property Name="ProductionResourceTool" Type="Edm.String" Nullable="false" MaxLength="40" sap:display-format="UpperCase" sap:label="Production Resource/Tool" sap:quickinfo="Production Resource/Tool Number"/>
                <Property Name="MfgOrderPlannedStartDate" Type="Edm.DateTime" Precision="0" sap:display-format="Date" sap:label="Planned Start Date" sap:quickinfo="Manufacturing Order Planned Start Date"/>
                <Property Name="ToolDescription" Type="Edm.String" MaxLength="40" sap:label="Product Description"/>
                <Property Name="CalendarYear" Type="Edm.String" MaxLength="4" sap:display-format="NonNegative" sap:label="Calendar Year"/>
                <Property Name="CalendarQuarter" Type="Edm.String" MaxLength="1" sap:display-format="NonNegative" sap:label="Calendar Quarter"/>
                <Property Name="CalendarMonth" Type="Edm.String" MaxLength="2" sap:display-format="NonNegative" sap:label="Calendar Month"/>
                <Property Name="CalendarWeek" Type="Edm.String" MaxLength="2" sap:display-format="NonNegative" sap:label="Calendar Week"/>
            </EntityType>
            <EntityType Name="MfgOrderToolsWOvpType" sap:label="S4T-XCE-MM: TLP - Tools ProdOrd OVP card" sap:content-version="1">
                <Key>
                    <PropertyRef Name="ManufacturingOrder"/>
                    <PropertyRef Name="ProductionResourceTool"/>
                </Key>
                <Property Name="ManufacturingOrder" Type="Edm.String" Nullable="false" MaxLength="12" sap:display-format="UpperCase" sap:label="Manufacturing Order" sap:quickinfo="Manufacturing Order ID"/>
                <Property Name="ProductionResourceTool" Type="Edm.String" Nullable="false" MaxLength="40" sap:display-format="UpperCase" sap:text="ToolDescription" sap:label="Production Resource/Tool" sap:quickinfo="Production Resource/Tool Number"/>
                <Property Name="MfgOrderPlannedStartDate" Type="Edm.DateTime" Precision="0" sap:display-format="Date" sap:label="Planned Start Date" sap:quickinfo="Manufacturing Order Planned Start Date"/>
                <Property Name="ToolDescription" Type="Edm.String" MaxLength="40" sap:label="Product Description"/>
            </EntityType>
            <EntityType Name="ToolLifetimeOvpType" sap:label="S4T-XCE-MM: TLP - Tool Lifetime OVP card" sap:content-version="1">
                <Key>
                    <PropertyRef Name="Material"/>
                    <PropertyRef Name="MaterialBaseUnitOVP"/>
                </Key>
                <Property Name="Material" Type="Edm.String" Nullable="false" MaxLength="18" sap:display-format="UpperCase" sap:label="Product" sap:quickinfo="Product Number"/>
                <Property Name="MaterialBaseUnitOVP" Type="Edm.String" Nullable="false" MaxLength="3" sap:label="Base Unit of Measure" sap:semantics="unit-of-measure"/>
                <Property Name="MaterialNameOVP" Type="Edm.String" MaxLength="40" sap:label="Product Description"/>
                <Property Name="ToolLifetime" Type="Edm.Decimal" Precision="11" Scale="2" sap:unit="MaterialBaseUnitOVP" sap:label="Tool Lifetime" sap:quickinfo="VCXI-XCS: Tool Lifetime"/>
                <Property Name="NumberOfUses" Type="Edm.Decimal" Precision="11" Scale="2" sap:unit="MaterialBaseUnitOVP" sap:label="Nr of Uses" sap:quickinfo="VCXI-XCS: Tool Lifetime"/>
                <Property Name="RemainingUsesOVP" Type="Edm.Decimal" Precision="11" Scale="2" sap:unit="MaterialBaseUnitOVP" sap:label="Remaining Uses" sap:quickinfo="VCXI-XCS: Tool Lifetime"/>
                <Property Name="LastProductionDate" Type="Edm.DateTime" Precision="0" sap:display-format="Date" sap:label="Last Prod. Date"/>
            </EntityType>
            <EntityType Name="SAP__Currency" sap:content-version="1">
                <Key>
                    <PropertyRef Name="CurrencyCode"/>
                </Key>
                <Property Name="CurrencyCode" Type="Edm.String" Nullable="false" MaxLength="5" sap:label="Currency" sap:semantics="currency-code"/>
                <Property Name="ISOCode" Type="Edm.String" Nullable="false" MaxLength="3" sap:label="ISO code"/>
                <Property Name="Text" Type="Edm.String" Nullable="false" MaxLength="15" sap:label="Short text"/>
                <Property Name="DecimalPlaces" Type="Edm.Byte" Nullable="false" sap:label="Decimals"/>
            </EntityType>
            <EntityType Name="SAP__UnitOfMeasure" sap:content-version="1">
                <Key>
                    <PropertyRef Name="UnitCode"/>
                </Key>
                <Property Name="UnitCode" Type="Edm.String" Nullable="false" MaxLength="3" sap:label="Internal UoM" sap:semantics="unit-of-measure"/>
                <Property Name="ISOCode" Type="Edm.String" Nullable="false" MaxLength="3" sap:label="ISO Code"/>
                <Property Name="ExternalCode" Type="Edm.String" Nullable="false" MaxLength="3" sap:label="Commercial"/>
                <Property Name="Text" Type="Edm.String" Nullable="false" MaxLength="30" sap:label="Measurement Unit Txt"/>
                <Property Name="DecimalPlaces" Type="Edm.Int16" sap:label="Decimal Places"/>
            </EntityType>
            <EntityType Name="SAP__DocumentDescription" sap:content-version="1">
                <Key>
                    <PropertyRef Name="Id"/>
                </Key>
                <Property Name="Id" Type="Edm.Guid" Nullable="false" sap:label="UUID"/>
                <Property Name="CreatedBy" Type="Edm.String" Nullable="false" MaxLength="12"/>
                <Property Name="CreatedAt" Type="Edm.DateTime" Nullable="false" Precision="0" sap:label="Time Stamp"/>
                <Property Name="FileName" Type="Edm.String" Nullable="false" MaxLength="256"/>
                <Property Name="Title" Type="Edm.String" Nullable="false" MaxLength="256"/>
                <NavigationProperty Name="Format" Relationship="cds_yst_xce_mm_tool_ui_prep.to_format" FromRole="FromRole_to_format" ToRole="ToRole_to_format"/>
                <NavigationProperty Name="TableColumns" Relationship="cds_yst_xce_mm_tool_ui_prep.to_tablecolumns" FromRole="FromRole_to_tablecolumns" ToRole="ToRole_to_tablecolumns"/>
                <NavigationProperty Name="CoverPage" Relationship="cds_yst_xce_mm_tool_ui_prep.to_coverpage" FromRole="FromRole_to_coverpage" ToRole="ToRole_to_coverpage"/>
                <NavigationProperty Name="Signature" Relationship="cds_yst_xce_mm_tool_ui_prep.to_signature" FromRole="FromRole_to_signature" ToRole="ToRole_to_signature"/>
                <NavigationProperty Name="PDFStandard" Relationship="cds_yst_xce_mm_tool_ui_prep.to_pdfstandard" FromRole="FromRole_to_pdfstandard" ToRole="ToRole_to_pdfstandard"/>
            </EntityType>
            <EntityType Name="SAP__Format" sap:content-version="1">
                <Key>
                    <PropertyRef Name="Id"/>
                </Key>
                <Property Name="FitToPage" Type="cds_yst_xce_mm_tool_ui_prep.SAP__FitToPage" Nullable="false"/>
                <Property Name="Id" Type="Edm.Guid" Nullable="false" sap:label="UUID" sap:creatable="false" sap:updatable="false" sap:sortable="false" sap:filterable="false"/>
                <Property Name="FontSize" Type="Edm.Int32" Nullable="false" sap:creatable="false" sap:updatable="false" sap:sortable="false" sap:filterable="false"/>
                <Property Name="Orientation" Type="Edm.String" Nullable="false" MaxLength="10" sap:creatable="false" sap:updatable="false" sap:sortable="false" sap:filterable="false"/>
                <Property Name="PaperSize" Type="Edm.String" Nullable="false" MaxLength="10" sap:creatable="false" sap:updatable="false" sap:sortable="false" sap:filterable="false"/>
                <Property Name="BorderSize" Type="Edm.Int32" Nullable="false" sap:creatable="false" sap:updatable="false" sap:sortable="false" sap:filterable="false"/>
                <Property Name="MarginSize" Type="Edm.Int32" Nullable="false" sap:creatable="false" sap:updatable="false" sap:sortable="false" sap:filterable="false"/>
                <Property Name="FontName" Type="Edm.String" Nullable="false" MaxLength="255" sap:label="Font Name" sap:creatable="false" sap:updatable="false" sap:sortable="false" sap:filterable="false"/>
            </EntityType>
            <EntityType Name="SAP__PDFStandard" sap:content-version="1">
                <Key>
                    <PropertyRef Name="Id"/>
                </Key>
                <Property Name="Id" Type="Edm.Guid" Nullable="false" sap:label="UUID" sap:creatable="false" sap:updatable="false" sap:sortable="false" sap:filterable="false"/>
                <Property Name="UsePDFAConformance" Type="Edm.Boolean" Nullable="false" sap:creatable="false" sap:updatable="false" sap:sortable="false" sap:filterable="false"/>
                <Property Name="DoEnableAccessibility" Type="Edm.Boolean" Nullable="false" sap:label="Indicator" sap:creatable="false" sap:updatable="false" sap:sortable="false" sap:filterable="false"/>
            </EntityType>
            <EntityType Name="SAP__TableColumns" sap:content-version="1">
                <Key>
                    <PropertyRef Name="Id"/>
                    <PropertyRef Name="Name"/>
                    <PropertyRef Name="Header"/>
                </Key>
                <Property Name="Id" Type="Edm.Guid" Nullable="false" sap:label="UUID" sap:creatable="false" sap:updatable="false" sap:sortable="false" sap:filterable="false"/>
                <Property Name="Name" Type="Edm.String" Nullable="false" MaxLength="256" sap:creatable="false" sap:updatable="false" sap:sortable="false" sap:filterable="false"/>
                <Property Name="Header" Type="Edm.String" Nullable="false" MaxLength="256" sap:creatable="false" sap:updatable="false" sap:sortable="false" sap:filterable="false"/>
                <Property Name="HorizontalAlignment" Type="Edm.String" Nullable="false" MaxLength="10" sap:creatable="false" sap:updatable="false" sap:sortable="false" sap:filterable="false"/>
            </EntityType>
            <EntityType Name="SAP__CoverPage" sap:content-version="1">
                <Key>
                    <PropertyRef Name="Title"/>
                    <PropertyRef Name="Id"/>
                    <PropertyRef Name="Name"/>
                </Key>
                <Property Name="Title" Type="Edm.String" Nullable="false" MaxLength="256" sap:creatable="false" sap:updatable="false" sap:sortable="false" sap:filterable="false"/>
                <Property Name="Id" Type="Edm.Guid" Nullable="false" sap:label="UUID" sap:creatable="false" sap:updatable="false" sap:sortable="false" sap:filterable="false"/>
                <Property Name="Name" Type="Edm.String" Nullable="false" MaxLength="256" sap:creatable="false" sap:updatable="false" sap:sortable="false" sap:filterable="false"/>
                <Property Name="Value" Type="Edm.String" Nullable="false" MaxLength="256" sap:creatable="false" sap:updatable="false" sap:sortable="false" sap:filterable="false"/>
            </EntityType>
            <EntityType Name="SAP__Signature" sap:content-version="1">
                <Key>
                    <PropertyRef Name="Id"/>
                </Key>
                <Property Name="Id" Type="Edm.Guid" Nullable="false" sap:label="UUID" sap:creatable="false" sap:updatable="false" sap:sortable="false" sap:filterable="false"/>
                <Property Name="DoSign" Type="Edm.Boolean" Nullable="false" sap:label="Indicator" sap:creatable="false" sap:updatable="false" sap:sortable="false" sap:filterable="false"/>
                <Property Name="Reason" Type="Edm.String" Nullable="false" MaxLength="256" sap:creatable="false" sap:updatable="false" sap:sortable="false" sap:filterable="false"/>
            </EntityType>
            <EntityType Name="SAP__ValueHelp" sap:content-version="1">
                <Key>
                    <PropertyRef Name="VALUEHELP"/>
                </Key>
                <Property Name="VALUEHELP" Type="Edm.String" Nullable="false"/>
                <Property Name="FIELD_VALUE" Type="Edm.String" Nullable="false" MaxLength="10"/>
                <Property Name="DESCRIPTION" Type="Edm.String"/>
            </EntityType>
            <ComplexType Name="SAP__FitToPage">
                <Property Name="ErrorRecoveryBehavior" Type="Edm.String" Nullable="false" MaxLength="8" sap:label="Error behavior" sap:creatable="false" sap:updatable="false" sap:sortable="false" sap:filterable="false"/>
                <Property Name="IsEnabled" Type="Edm.Boolean" Nullable="false" sap:creatable="false" sap:updatable="false" sap:sortable="false" sap:filterable="false"/>
                <Property Name="MinimumFontSize" Type="Edm.Int32" Nullable="false" sap:creatable="false" sap:updatable="false" sap:sortable="false" sap:filterable="false"/>
            </ComplexType>
            <Association Name="to_format" sap:content-version="1">
                <End Type="cds_yst_xce_mm_tool_ui_prep.SAP__DocumentDescription" Multiplicity="1" Role="FromRole_to_format"/>
                <End Type="cds_yst_xce_mm_tool_ui_prep.SAP__Format" Multiplicity="1" Role="ToRole_to_format"/>
                <ReferentialConstraint>
                    <Principal Role="FromRole_to_format">
                        <PropertyRef Name="Id"/>
                    </Principal>
                    <Dependent Role="ToRole_to_format">
                        <PropertyRef Name="Id"/>
                    </Dependent>
                </ReferentialConstraint>
            </Association>
            <Association Name="to_tablecolumns" sap:content-version="1">
                <End Type="cds_yst_xce_mm_tool_ui_prep.SAP__DocumentDescription" Multiplicity="1" Role="FromRole_to_tablecolumns"/>
                <End Type="cds_yst_xce_mm_tool_ui_prep.SAP__TableColumns" Multiplicity="*" Role="ToRole_to_tablecolumns"/>
                <ReferentialConstraint>
                    <Principal Role="FromRole_to_tablecolumns">
                        <PropertyRef Name="Id"/>
                    </Principal>
                    <Dependent Role="ToRole_to_tablecolumns">
                        <PropertyRef Name="Id"/>
                    </Dependent>
                </ReferentialConstraint>
            </Association>
            <Association Name="to_coverpage" sap:content-version="1">
                <End Type="cds_yst_xce_mm_tool_ui_prep.SAP__DocumentDescription" Multiplicity="1" Role="FromRole_to_coverpage"/>
                <End Type="cds_yst_xce_mm_tool_ui_prep.SAP__CoverPage" Multiplicity="*" Role="ToRole_to_coverpage"/>
                <ReferentialConstraint>
                    <Principal Role="FromRole_to_coverpage">
                        <PropertyRef Name="Id"/>
                    </Principal>
                    <Dependent Role="ToRole_to_coverpage">
                        <PropertyRef Name="Id"/>
                    </Dependent>
                </ReferentialConstraint>
            </Association>
            <Association Name="to_signature" sap:content-version="1">
                <End Type="cds_yst_xce_mm_tool_ui_prep.SAP__DocumentDescription" Multiplicity="1" Role="FromRole_to_signature"/>
                <End Type="cds_yst_xce_mm_tool_ui_prep.SAP__Signature" Multiplicity="1" Role="ToRole_to_signature"/>
                <ReferentialConstraint>
                    <Principal Role="FromRole_to_signature">
                        <PropertyRef Name="Id"/>
                    </Principal>
                    <Dependent Role="ToRole_to_signature">
                        <PropertyRef Name="Id"/>
                    </Dependent>
                </ReferentialConstraint>
            </Association>
            <Association Name="to_pdfstandard" sap:content-version="1">
                <End Type="cds_yst_xce_mm_tool_ui_prep.SAP__DocumentDescription" Multiplicity="1" Role="FromRole_to_pdfstandard"/>
                <End Type="cds_yst_xce_mm_tool_ui_prep.SAP__PDFStandard" Multiplicity="1" Role="ToRole_to_pdfstandard"/>
                <ReferentialConstraint>
                    <Principal Role="FromRole_to_pdfstandard">
                        <PropertyRef Name="Id"/>
                    </Principal>
                    <Dependent Role="ToRole_to_pdfstandard">
                        <PropertyRef Name="Id"/>
                    </Dependent>
                </ReferentialConstraint>
            </Association>
            <EntityContainer Name="cds_yst_xce_mm_tool_ui_prep_Entities" m:IsDefaultEntityContainer="true" sap:message-scope-supported="true" sap:supported-formats="atom json xlsx pdf">
                <EntitySet Name="SAP__FormatSet" EntityType="cds_yst_xce_mm_tool_ui_prep.SAP__Format" sap:creatable="false" sap:updatable="false" sap:deletable="false" sap:pageable="false" sap:addressable="false" sap:content-version="1"/>
                <EntitySet Name="SAP__PDFStandardSet" EntityType="cds_yst_xce_mm_tool_ui_prep.SAP__PDFStandard" sap:creatable="false" sap:updatable="false" sap:deletable="false" sap:pageable="false" sap:addressable="false" sap:content-version="1"/>
                <EntitySet Name="SAP__TableColumnsSet" EntityType="cds_yst_xce_mm_tool_ui_prep.SAP__TableColumns" sap:creatable="false" sap:updatable="false" sap:deletable="false" sap:pageable="false" sap:addressable="false" sap:content-version="1"/>
                <EntitySet Name="SAP__CoverPageSet" EntityType="cds_yst_xce_mm_tool_ui_prep.SAP__CoverPage" sap:creatable="false" sap:updatable="false" sap:deletable="false" sap:pageable="false" sap:addressable="false" sap:content-version="1"/>
                <EntitySet Name="SAP__SignatureSet" EntityType="cds_yst_xce_mm_tool_ui_prep.SAP__Signature" sap:creatable="false" sap:updatable="false" sap:deletable="false" sap:pageable="false" sap:addressable="false" sap:content-version="1"/>
                <EntitySet Name="SAP__ValueHelpSet" EntityType="cds_yst_xce_mm_tool_ui_prep.SAP__ValueHelp" sap:content-version="1"/>
                <EntitySet Name="C_MM_MaterialGroupValueHelp" EntityType="cds_yst_xce_mm_tool_ui_prep.C_MM_MaterialGroupValueHelpType" sap:creatable="false" sap:updatable="false" sap:deletable="false" sap:searchable="true" sap:content-version="1"/>
                <EntitySet Name="C_MM_MaterialValueHelp" EntityType="cds_yst_xce_mm_tool_ui_prep.C_MM_MaterialValueHelpType" sap:creatable="false" sap:updatable="false" sap:deletable="false" sap:searchable="true" sap:content-version="1"/>
                <EntitySet Name="C_MM_PlantValueHelp" EntityType="cds_yst_xce_mm_tool_ui_prep.C_MM_PlantValueHelpType" sap:creatable="false" sap:updatable="false" sap:deletable="false" sap:searchable="true" sap:content-version="1"/>
                <EntitySet Name="C_MM_SupplierValueHelp" EntityType="cds_yst_xce_mm_tool_ui_prep.C_MM_SupplierValueHelpType" sap:creatable="false" sap:updatable="false" sap:deletable="false" sap:searchable="true" sap:content-version="1"/>
                <EntitySet Name="I_CompanyCodeStdVH" EntityType="cds_yst_xce_mm_tool_ui_prep.I_CompanyCodeStdVHType" sap:creatable="false" sap:updatable="false" sap:deletable="false" sap:searchable="true" sap:content-version="1"/>
                <EntitySet Name="I_MaterialStdVH" EntityType="cds_yst_xce_mm_tool_ui_prep.I_MaterialStdVHType" sap:creatable="false" sap:updatable="false" sap:deletable="false" sap:searchable="true" sap:content-version="1"/>
                <EntitySet Name="ToolsStorLocAct" EntityType="cds_yst_xce_mm_tool_ui_prep.ToolsStorLocActType" sap:creatable="false" sap:updatable="false" sap:deletable="false" sap:content-version="1"/>
                <EntitySet Name="BlockedStockOvp" EntityType="cds_yst_xce_mm_tool_ui_prep.BlockedStockOvpType" sap:creatable="false" sap:updatable="false" sap:deletable="false" sap:content-version="1"/>
                <EntitySet Name="BlockedStockSmartFltr" EntityType="cds_yst_xce_mm_tool_ui_prep.BlockedStockSmartFltrType" sap:creatable="false" sap:updatable="false" sap:deletable="false" sap:content-version="1"/>
                <EntitySet Name="MfgOrderToolsDOvp" EntityType="cds_yst_xce_mm_tool_ui_prep.MfgOrderToolsDOvpType" sap:creatable="false" sap:updatable="false" sap:deletable="false" sap:content-version="1"/>
                <EntitySet Name="MfgOrderToolsOvp" EntityType="cds_yst_xce_mm_tool_ui_prep.MfgOrderToolsOvpType" sap:creatable="false" sap:updatable="false" sap:deletable="false" sap:content-version="1"/>
                <EntitySet Name="MfgOrderToolsWOvp" EntityType="cds_yst_xce_mm_tool_ui_prep.MfgOrderToolsWOvpType" sap:creatable="false" sap:updatable="false" sap:deletable="false" sap:content-version="1"/>
                <EntitySet Name="ToolLifetimeOvp" EntityType="cds_yst_xce_mm_tool_ui_prep.ToolLifetimeOvpType" sap:creatable="false" sap:updatable="false" sap:deletable="false" sap:content-version="1"/>
                <EntitySet Name="SAP__Currencies" EntityType="cds_yst_xce_mm_tool_ui_prep.SAP__Currency" sap:content-version="1"/>
                <EntitySet Name="SAP__UnitsOfMeasure" EntityType="cds_yst_xce_mm_tool_ui_prep.SAP__UnitOfMeasure" sap:content-version="1"/>
                <EntitySet Name="SAP__MyDocumentDescriptions" EntityType="cds_yst_xce_mm_tool_ui_prep.SAP__DocumentDescription" sap:content-version="1"/>
                <AssociationSet Name="to_formatSet" Association="cds_yst_xce_mm_tool_ui_prep.to_format" sap:creatable="false" sap:updatable="false" sap:deletable="false" sap:content-version="1">
                    <End EntitySet="SAP__MyDocumentDescriptions" Role="FromRole_to_format"/>
                    <End EntitySet="SAP__FormatSet" Role="ToRole_to_format"/>
                </AssociationSet>
                <AssociationSet Name="to_pdfstandardSet" Association="cds_yst_xce_mm_tool_ui_prep.to_pdfstandard" sap:creatable="false" sap:updatable="false" sap:deletable="false" sap:content-version="1">
                    <End EntitySet="SAP__MyDocumentDescriptions" Role="FromRole_to_pdfstandard"/>
                    <End EntitySet="SAP__PDFStandardSet" Role="ToRole_to_pdfstandard"/>
                </AssociationSet>
                <AssociationSet Name="to_tablecolumnsSet" Association="cds_yst_xce_mm_tool_ui_prep.to_tablecolumns" sap:creatable="false" sap:updatable="false" sap:deletable="false" sap:content-version="1">
                    <End EntitySet="SAP__MyDocumentDescriptions" Role="FromRole_to_tablecolumns"/>
                    <End EntitySet="SAP__TableColumnsSet" Role="ToRole_to_tablecolumns"/>
                </AssociationSet>
                <AssociationSet Name="to_signatureSet" Association="cds_yst_xce_mm_tool_ui_prep.to_signature" sap:creatable="false" sap:updatable="false" sap:deletable="false" sap:content-version="1">
                    <End EntitySet="SAP__MyDocumentDescriptions" Role="FromRole_to_signature"/>
                    <End EntitySet="SAP__SignatureSet" Role="ToRole_to_signature"/>
                </AssociationSet>
                <AssociationSet Name="to_coverpageSet" Association="cds_yst_xce_mm_tool_ui_prep.to_coverpage" sap:creatable="false" sap:updatable="false" sap:deletable="false" sap:content-version="1">
                    <End EntitySet="SAP__MyDocumentDescriptions" Role="FromRole_to_coverpage"/>
                    <End EntitySet="SAP__CoverPageSet" Role="ToRole_to_coverpage"/>
                </AssociationSet>
            </EntityContainer>
            <Annotations Target="cds_yst_xce_mm_tool_ui_prep.C_MM_MaterialValueHelpType/Material" xmlns="http://docs.oasis-open.org/odata/ns/edm">
                <Annotation Term="Common.ValueList">
                    <Record>
                        <PropertyValue Property="Label" String="Material"/>
                        <PropertyValue Property="CollectionPath" String="I_MaterialStdVH"/>
                        <PropertyValue Property="SearchSupported" Bool="true"/>
                        <PropertyValue Property="Parameters">
                            <Collection>
                                <Record Type="Common.ValueListParameterInOut">
                                    <PropertyValue Property="LocalDataProperty" PropertyPath="Material"/>
                                    <PropertyValue Property="ValueListProperty" String="Material"/>
                                </Record>
                                <Record Type="Common.ValueListParameterDisplayOnly">
                                    <PropertyValue Property="ValueListProperty" String="Material_Text"/>
                                </Record>
                            </Collection>
                        </PropertyValue>
                    </Record>
                </Annotation>
            </Annotations>
            <Annotations Target="cds_yst_xce_mm_tool_ui_prep.C_MM_SupplierValueHelpType/CompanyCode" xmlns="http://docs.oasis-open.org/odata/ns/edm">
                <Annotation Term="Common.ValueList">
                    <Record>
                        <PropertyValue Property="Label" String="Company Code"/>
                        <PropertyValue Property="CollectionPath" String="I_CompanyCodeStdVH"/>
                        <PropertyValue Property="SearchSupported" Bool="true"/>
                        <PropertyValue Property="Parameters">
                            <Collection>
                                <Record Type="Common.ValueListParameterInOut">
                                    <PropertyValue Property="LocalDataProperty" PropertyPath="CompanyCode"/>
                                    <PropertyValue Property="ValueListProperty" String="CompanyCode"/>
                                </Record>
                                <Record Type="Common.ValueListParameterDisplayOnly">
                                    <PropertyValue Property="ValueListProperty" String="CompanyCodeName"/>
                                </Record>
                            </Collection>
                        </PropertyValue>
                    </Record>
                </Annotation>
            </Annotations>
            <Annotations Target="cds_yst_xce_mm_tool_ui_prep.cds_yst_xce_mm_tool_ui_prep_Entities" xmlns="http://docs.oasis-open.org/odata/ns/edm">
                <Annotation Term="Common.ApplyMultiUnitBehaviorForSortingAndFiltering" Bool="true"/>
            </Annotations>
            <Annotations Target="cds_yst_xce_mm_tool_ui_prep.cds_yst_xce_mm_tool_ui_prep_Entities/BlockedStockOvp" xmlns="http://docs.oasis-open.org/odata/ns/edm">
                <Annotation Term="Capabilities.FilterRestrictions">
                    <Record>
                        <PropertyValue Property="NonFilterableProperties">
                            <Collection>
                                <PropertyPath>ID</PropertyPath>
                                <PropertyPath>NumberOfTools</PropertyPath>
                            </Collection>
                        </PropertyValue>
                    </Record>
                </Annotation>
                <Annotation Term="Capabilities.SortRestrictions">
                    <Record>
                        <PropertyValue Property="NonSortableProperties">
                            <Collection>
                                <PropertyPath>ID</PropertyPath>
                                <PropertyPath>NumberOfTools</PropertyPath>
                            </Collection>
                        </PropertyValue>
                    </Record>
                </Annotation>
            </Annotations>
            <Annotations Target="cds_yst_xce_mm_tool_ui_prep.C_MM_MaterialGroupValueHelpType" xmlns="http://docs.oasis-open.org/odata/ns/edm">
                <Annotation Term="Common.SemanticKey">
                    <Collection>
                        <PropertyPath>MaterialGroup</PropertyPath>
                    </Collection>
                </Annotation>
            </Annotations>
            <Annotations Target="cds_yst_xce_mm_tool_ui_prep.C_MM_MaterialValueHelpType" xmlns="http://docs.oasis-open.org/odata/ns/edm">
                <Annotation Term="Common.SemanticKey">
                    <Collection>
                        <PropertyPath>Plant</PropertyPath>
                        <PropertyPath>Material</PropertyPath>
                    </Collection>
                </Annotation>
            </Annotations>
            <Annotations Target="cds_yst_xce_mm_tool_ui_prep.C_MM_PlantValueHelpType" xmlns="http://docs.oasis-open.org/odata/ns/edm">
                <Annotation Term="Common.SemanticKey">
                    <Collection>
                        <PropertyPath>PurchasingOrganization</PropertyPath>
                        <PropertyPath>Plant</PropertyPath>
                    </Collection>
                </Annotation>
            </Annotations>
            <Annotations Target="cds_yst_xce_mm_tool_ui_prep.C_MM_SupplierValueHelpType" xmlns="http://docs.oasis-open.org/odata/ns/edm">
                <Annotation Term="Common.SemanticKey">
                    <Collection>
                        <PropertyPath>CompanyCode</PropertyPath>
                        <PropertyPath>Supplier</PropertyPath>
                    </Collection>
                </Annotation>
                <Annotation Term="Communication.Contact">
                    <Record>
                        <PropertyValue Property="adr">
                            <Collection>
                                <Record>
                                    <PropertyValue Property="type" EnumMember="Communication.ContactInformationType/preferred"/>
                                    <PropertyValue Property="country" Path="Country"/>
                                </Record>
                            </Collection>
                        </PropertyValue>
                    </Record>
                </Annotation>
                <Annotation Term="Communication.Address" Qualifier="pref">
                    <Record>
                        <PropertyValue Property="type" EnumMember="Communication.ContactInformationType/preferred"/>
                        <PropertyValue Property="country" Path="Country"/>
                    </Record>
                </Annotation>
            </Annotations>
            <Annotations Target="cds_yst_xce_mm_tool_ui_prep.ToolLifetimeOvpType" xmlns="http://docs.oasis-open.org/odata/ns/edm">
                <Annotation Term="Common.SemanticKey">
                    <Collection>
                        <PropertyPath>Material</PropertyPath>
                    </Collection>
                </Annotation>
            </Annotations>
            <Annotations Target="cds_yst_xce_mm_tool_ui_prep.cds_yst_xce_mm_tool_ui_prep_Entities" xmlns="http://docs.oasis-open.org/odata/ns/edm">
                <Annotation Term="Org.OData.Capabilities.V1.BatchSupport">
                    <Record Type="Org.OData.Capabilities.V1.BatchSupportType">
                        <PropertyValue Property="ReferencesAcrossChangeSetsSupported" Bool="true"/>
                    </Record>
                </Annotation>
                <Annotation Term="SAP__CodeList.CurrencyCodes">
                    <Record>
                        <PropertyValue Property="Url" String="./$metadata"/>
                        <PropertyValue Property="CollectionPath" String="SAP__Currencies"/>
                    </Record>
                </Annotation>
                <Annotation Term="SAP__CodeList.UnitsOfMeasure">
                    <Record>
                        <PropertyValue Property="Url" String="./$metadata"/>
                        <PropertyValue Property="CollectionPath" String="SAP__UnitsOfMeasure"/>
                    </Record>
                </Annotation>
                <Annotation Term="SAP__PDF.Features">
                    <Record>
                        <PropertyValue Property="DocumentDescriptionReference" String="./$metadata"/>
                        <PropertyValue Property="DocumentDescriptionCollection" String="SAP__MyDocumentDescriptions"/>
                        <PropertyValue Property="ArchiveFormat" Bool="true"/>
                        <PropertyValue Property="CoverPage" Bool="true"/>
                        <PropertyValue Property="Signature" Bool="true"/>
                        <PropertyValue Property="FitToPage" Bool="true"/>
                        <PropertyValue Property="FontName" Bool="true"/>
                        <PropertyValue Property="FontSize" Bool="true"/>
                        <PropertyValue Property="Margin" Bool="true"/>
                        <PropertyValue Property="Border" Bool="true"/>
                        <PropertyValue Property="ResultSizeDefault" Int="20000"/>
                        <PropertyValue Property="ResultSizeMaximum" Int="20000"/>
                    </Record>
                </Annotation>
                <Annotation Term="SAP__CodeList.SAP__DocumentDescription">
                    <Record>
                        <PropertyValue Property="Url" String="./$metadata"/>
                        <PropertyValue Property="CollectionPath" String="SAP__MyDocumentDescriptions"/>
                    </Record>
                </Annotation>
            </Annotations>
            <Annotations Target="cds_yst_xce_mm_tool_ui_prep.SAP__Currency/CurrencyCode" xmlns="http://docs.oasis-open.org/odata/ns/edm">
                <Annotation Term="SAP__common.Text" Path="Text"/>
                <Annotation Term="SAP__common.UnitSpecificScale" Path="DecimalPlaces"/>
                <Annotation Term="SAP__CodeList.StandardCode" Path="ISOCode"/>
            </Annotations>
            <Annotations Target="cds_yst_xce_mm_tool_ui_prep.SAP__UnitOfMeasure/UnitCode" xmlns="http://docs.oasis-open.org/odata/ns/edm">
                <Annotation Term="SAP__common.Text" Path="Text"/>
                <Annotation Term="SAP__common.UnitSpecificScale" Path="DecimalPlaces"/>
                <Annotation Term="SAP__CodeList.StandardCode" Path="ISOCode"/>
                <Annotation Term="SAP__CodeList.ExternalCode" Path="ExternalCode"/>
            </Annotations>
            <Annotations Target="cds_yst_xce_mm_tool_ui_prep.SAP__UnitOfMeasure" xmlns="http://docs.oasis-open.org/odata/ns/edm">
                <Annotation Term="SAP__core.AlternateKeys">
                    <Collection>
                        <Record>
                            <PropertyValue Property="Key">
                                <Collection>
                                    <Record>
                                        <PropertyValue Property="Name" Path="ExternalCode"/>
                                        <PropertyValue Property="Alias" String="ExternalCode"/>
                                    </Record>
                                </Collection>
                            </PropertyValue>
                        </Record>
                    </Collection>
                </Annotation>
            </Annotations>
            <Annotations Target="cds_yst_xce_mm_tool_ui_prep.SAP__DocumentDescription/CreatedBy" xmlns="http://docs.oasis-open.org/odata/ns/edm">
                <Annotation Term="SAP__core.Computed"/>
            </Annotations>
            <Annotations Target="cds_yst_xce_mm_tool_ui_prep.SAP__DocumentDescription/CreatedAt" xmlns="http://docs.oasis-open.org/odata/ns/edm">
                <Annotation Term="SAP__core.Computed"/>
            </Annotations>
            <Annotations Target="cds_yst_xce_mm_tool_ui_prep.SAP__DocumentDescription" xmlns="http://docs.oasis-open.org/odata/ns/edm">
                <Annotation Term="SAP__capabilties.InsertRestrictions">
                    <Record>
                        <PropertyValue Property="Insertable" Bool="false"/>
                    </Record>
                </Annotation>
                <Annotation Term="SAP__capabilties.UpdateRestrictions">
                    <Record>
                        <PropertyValue Property="Updatable" Bool="false"/>
                        <PropertyValue Property="QueryOptions">
                            <Record>
                                <PropertyValue Property="SelectSupported" Bool="true"/>
                            </Record>
                        </PropertyValue>
                    </Record>
                </Annotation>
                <Annotation Term="SAP__capabilties.DeleteRestrictions">
                    <Record>
                        <PropertyValue Property="Deletable" Bool="false"/>
                    </Record>
                </Annotation>
                <Annotation Term="SAP__capabilties.FilterRestrictions">
                    <Record>
                        <PropertyValue Property="FilterExpressionRestrictions">
                            <Collection>
                                <Record>
                                    <PropertyValue Property="Property" PropertyPath="Format/Orientation"/>
                                    <PropertyValue Property="AllowedExpressions" String="Multivalue"/>
                                </Record>
                                <Record>
                                    <PropertyValue Property="Property" PropertyPath="Format/PaperSize"/>
                                    <PropertyValue Property="AllowedExpressions" String="Multivalue"/>
                                </Record>
                            </Collection>
                        </PropertyValue>
                    </Record>
                </Annotation>
            </Annotations>
            <Annotations Target="cds_yst_xce_mm_tool_ui_prep.SAP__Format/FitToPage/ErrorRecoveryBehavior" xmlns="http://docs.oasis-open.org/odata/ns/edm">
                <Annotation Term="SAP__common.ValueListReferences">
                    <Record>
                        <PropertyValue Property="Url" String="./$metadata"/>
                        <PropertyValue Property="CollectionPath" String="../../../../SAP__ValueHelpSet?$filter=VALUEHELP%20eq%20%27ErrorRecoveryBehaviour%27"/>
                    </Record>
                </Annotation>
                <Annotation Term="SAP__common.ValueListWithFixedValues"/>
            </Annotations>
            <Annotations Target="cds_yst_xce_mm_tool_ui_prep.SAP__Format/FontName" xmlns="http://docs.oasis-open.org/odata/ns/edm">
                <Annotation Term="SAP__common.ValueListReferences">
                    <Record>
                        <PropertyValue Property="Url" String="./$metadata"/>
                        <PropertyValue Property="CollectionPath" String="SAP__ValueHelpSet?$filter=VALUEHELP%20eq%20%27FontName%27"/>
                    </Record>
                </Annotation>
                <Annotation Term="SAP__common.ValueListWithFixedValues"/>
            </Annotations>
            <Annotations Target="cds_yst_xce_mm_tool_ui_prep.SAP__Format/PaperSize" xmlns="http://docs.oasis-open.org/odata/ns/edm">
                <Annotation Term="SAP__common.ValueListReferences">
                    <Record>
                        <PropertyValue Property="Url" String="./$metadata"/>
                        <PropertyValue Property="CollectionPath" String="SAP__ValueHelpSet?$filter=VALUEHELP%20eq%20%27PaperSize%27"/>
                    </Record>
                </Annotation>
                <Annotation Term="SAP__common.ValueListWithFixedValues"/>
            </Annotations>
            <Annotations Target="cds_yst_xce_mm_tool_ui_prep.SAP__Format/Orientation" xmlns="http://docs.oasis-open.org/odata/ns/edm">
                <Annotation Term="SAP__common.ValueListReferences">
                    <Record>
                        <PropertyValue Property="Url" String="./$metadata"/>
                        <PropertyValue Property="CollectionPath" String="SAP__ValueHelpSet?$filter=VALUEHELP%20eq%20%27FontName%27"/>
                    </Record>
                </Annotation>
                <Annotation Term="SAP__common.ValueListWithFixedValues"/>
            </Annotations>
            <Annotations Target="cds_yst_xce_mm_tool_ui_prep.SAP__TableColumns/HorizontalAlignment" xmlns="http://docs.oasis-open.org/odata/ns/edm">
                <Annotation Term="SAP__common.ValueListReferences">
                    <Record>
                        <PropertyValue Property="Url" String="./$metadata"/>
                        <PropertyValue Property="CollectionPath" String="SAP__ValueHelpSet?$filter=VALUEHELP%20eq%20%27HorizontalAlignment%27"/>
                    </Record>
                </Annotation>
                <Annotation Term="SAP__common.ValueListWithFixedValues"/>
            </Annotations>
            <atom:link rel="self" href="https://aiovs4t0.aio-sap.os.itelligence.de:44300/sap/opu/odata/sap/YST_XCE_MM_TOOL_UI_PREP/$metadata" xmlns:atom="http://www.w3.org/2005/Atom"/>
            <atom:link rel="latest-version" href="https://aiovs4t0.aio-sap.os.itelligence.de:44300/sap/opu/odata/sap/YST_XCE_MM_TOOL_UI_PREP/$metadata" xmlns:atom="http://www.w3.org/2005/Atom"/>
        </Schema>
    </edmx:DataServices>
</edmx:Edmx>