<?xml version="1.0" encoding="utf-8"?>
<edmx:Edmx Version="4.0" xmlns:edmx="http://docs.oasis-open.org/odata/ns/edmx">
    <edmx:Reference Uri="../../catalogservice;v=2/Vocabularies(TechnicalName='%2FIWBEP%2FVOC_COMMON',Version='0001',SAP__Origin='')/$value">
        <edmx:Include Namespace="com.sap.vocabularies.Common.v1" Alias="Common"/>
    </edmx:Reference>
    <edmx:Reference Uri="../../catalogservice;v=2/Vocabularies(TechnicalName='%2FIWBEP%2FVOC_UI',Version='0001',SAP__Origin='')/$value">
        <edmx:Include Namespace="com.sap.vocabularies.UI.v1" Alias="UI"/>
    </edmx:Reference>
    <edmx:Reference Uri="../../catalogservice;v=2/Vocabularies(TechnicalName='%2FIWBEP%2FVOC_COMMUNICATION',Version='0001',SAP__Origin='')/$value">
        <edmx:Include Namespace="com.sap.vocabularies.Communication.v1" Alias="Communication"/>
    </edmx:Reference>
    <edmx:Reference Uri="../../catalogservice;v=2/Vocabularies(TechnicalName='%2FIWBEP%2FVOC_PERSONALDATA',Version='0001',SAP__Origin='')/$value">
        <edmx:Include Namespace="com.sap.vocabularies.PersonalData.v1" Alias="PersonalData"/>
    </edmx:Reference>
    <edmx:Reference Uri="../../catalogservice;v=2/Vocabularies(TechnicalName='%2FIWBEP%2FVOC_VALIDATION',Version='0001',SAP__Origin='')/$value">
        <edmx:Include Namespace="Org.OData.Validation.V1" Alias="Validation"/>
    </edmx:Reference>
    <edmx:Reference Uri="../../catalogservice;v=2/Vocabularies(TechnicalName='%2FIWBEP%2FVOC_ANALYTICS',Version='0001',SAP__Origin='')/$value">
        <edmx:Include Namespace="com.sap.vocabularies.Analytics.v1" Alias="Analytics"/>
    </edmx:Reference>
    <edmx:Reference Uri="../../catalogservice;v=2/Vocabularies(TechnicalName='%2FIWBEP%2FVOC_HTML5',Version='0001',SAP__Origin='')/$value">
        <edmx:Include Namespace="com.sap.vocabularies.HTML5.v1" Alias="HTML5"/>
    </edmx:Reference>
    <edmx:Reference Uri="../../../sap/yst_xce_mm_tool_ui_prep/$metadata">
        <edmx:Include Namespace="YST_XCE_MM_TOOL_UI_PREP" Alias="SAP"/>
    </edmx:Reference>
    <edmx:DataServices>
        <Schema Namespace="yst_xce_mm_tool_ui_prep_van.v1" xmlns="http://docs.oasis-open.org/odata/ns/edm">
            <Annotations Target="cds_yst_xce_mm_tool_ui_prep.C_MM_MaterialValueHelpType/MaterialBaseUnit">
                <Annotation Term="UI.Hidden"/>
            </Annotations>
            <Annotations Target="cds_yst_xce_mm_tool_ui_prep.C_MM_SupplierValueHelpType/SortField">
                <Annotation Term="UI.Hidden"/>
            </Annotations>
            <Annotations Target="cds_yst_xce_mm_tool_ui_prep.C_MM_SupplierValueHelpType/FirstName">
                <Annotation Term="UI.Hidden"/>
            </Annotations>
            <Annotations Target="cds_yst_xce_mm_tool_ui_prep.C_MM_SupplierValueHelpType/LastName">
                <Annotation Term="UI.Hidden"/>
            </Annotations>
            <Annotations Target="cds_yst_xce_mm_tool_ui_prep.C_MM_SupplierValueHelpType/OrganizationBPName1">
                <Annotation Term="UI.Hidden"/>
            </Annotations>
            <Annotations Target="cds_yst_xce_mm_tool_ui_prep.C_MM_SupplierValueHelpType/OrganizationBPName2">
                <Annotation Term="UI.Hidden"/>
            </Annotations>
            <Annotations Target="cds_yst_xce_mm_tool_ui_prep.C_MM_SupplierValueHelpType/OrganizationBPName3">
                <Annotation Term="UI.Hidden"/>
            </Annotations>
            <Annotations Target="cds_yst_xce_mm_tool_ui_prep.C_MM_SupplierValueHelpType/OrganizationBPName4">
                <Annotation Term="UI.Hidden"/>
            </Annotations>
            <Annotations Target="cds_yst_xce_mm_tool_ui_prep.C_MM_SupplierValueHelpType/AuthorizationGroup">
                <Annotation Term="UI.Hidden"/>
            </Annotations>
            <Annotations Target="cds_yst_xce_mm_tool_ui_prep.C_MM_SupplierValueHelpType/SupplierAccountGroup">
                <Annotation Term="UI.Hidden"/>
            </Annotations>
            <Annotations Target="cds_yst_xce_mm_tool_ui_prep.BlockedStockOvpType/NumberOfTools">
                <Annotation Term="UI.HiddenFilter"/>
            </Annotations>
            <Annotations Target="cds_yst_xce_mm_tool_ui_prep.BlockedStockOvpType/SemanticActionName">
                <Annotation Term="UI.Hidden"/>
            </Annotations>
            <Annotations Target="cds_yst_xce_mm_tool_ui_prep.BlockedStockOvpType/SemanticObject">
                <Annotation Term="UI.Hidden"/>
            </Annotations>
            <Annotations Target="cds_yst_xce_mm_tool_ui_prep.BlockedStockOvpType/ID">
                <Annotation Term="UI.Hidden"/>
            </Annotations>
            <Annotations Target="cds_yst_xce_mm_tool_ui_prep.BlockedStockOvpType">
                <Annotation Term="UI.Chart">
                    <Record Type="UI.ChartDefinitionType">
                        <PropertyValue Property="Title" String="By Tools"/>
                        <PropertyValue Property="ChartType" EnumMember="UI.ChartType/Column"/>
                        <PropertyValue Property="Dimensions">
                            <Collection>
                                <PropertyPath>MaterialGroup</PropertyPath>
                                <PropertyPath>SemanticAction</PropertyPath>
                            </Collection>
                        </PropertyValue>
                        <PropertyValue Property="DimensionAttributes">
                            <Collection>
                                <Record Type="UI.ChartDimensionAttributeType">
                                    <PropertyValue Property="Dimension" PropertyPath="MaterialGroup"/>
                                    <PropertyValue Property="Role" EnumMember="UI.ChartDimensionRoleType/Series"/>
                                </Record>
                                <Record Type="UI.ChartDimensionAttributeType">
                                    <PropertyValue Property="Dimension" PropertyPath="SemanticAction"/>
                                    <PropertyValue Property="Role" EnumMember="UI.ChartDimensionRoleType/Category"/>
                                </Record>
                            </Collection>
                        </PropertyValue>
                        <PropertyValue Property="Measures">
                            <Collection>
                                <PropertyPath>NumberOfTools</PropertyPath>
                            </Collection>
                        </PropertyValue>
                        <PropertyValue Property="MeasureAttributes">
                            <Collection>
                                <Record Type="UI.ChartMeasureAttributeType">
                                    <PropertyValue Property="Measure" PropertyPath="NumberOfTools"/>
                                    <PropertyValue Property="Role" EnumMember="UI.ChartMeasureRoleType/Axis1"/>
                                </Record>
                            </Collection>
                        </PropertyValue>
                    </Record>
                </Annotation>
                <Annotation Term="UI.HeaderInfo">
                    <Record>
                        <PropertyValue Property="TypeName" String="Blocked Stock"/>
                        <PropertyValue Property="TypeNamePlural" String="Blocked Stock"/>
                    </Record>
                </Annotation>
                <Annotation Term="UI.Identification">
                    <Collection>
                        <Record Type="UI.DataFieldForIntentBasedNavigation">
                            <PropertyValue Property="SemanticObject" String="BlockedTools"/>
                            <PropertyValue Property="Action" String="QualityInspection"/>
                            <PropertyValue Property="RequiresContext" Bool="false"/>
                        </Record>
                    </Collection>
                </Annotation>
                <Annotation Term="UI.PresentationVariant">
                    <Record>
                        <PropertyValue Property="SortOrder">
                            <Collection>
                                <Record Type="Common.SortOrderType">
                                    <PropertyValue Property="Property" PropertyPath="SemanticActionId"/>
                                    <PropertyValue Property="Descending" Bool="false"/>
                                </Record>
                            </Collection>
                        </PropertyValue>
                    </Record>
                </Annotation>
            </Annotations>
            <Annotations Target="cds_yst_xce_mm_tool_ui_prep.BlockedStockSmartFltrType">
                <Annotation Term="UI.SelectionFields">
                    <Collection>
                        <PropertyPath>Supplier</PropertyPath>
                        <PropertyPath>Material</PropertyPath>
                        <PropertyPath>MaterialGroup</PropertyPath>
                        <PropertyPath>Plant</PropertyPath>
                    </Collection>
                </Annotation>
            </Annotations>
            <Annotations Target="cds_yst_xce_mm_tool_ui_prep.MfgOrderToolsDOvpType">
                <Annotation Term="UI.HeaderInfo">
                    <Record>
                        <PropertyValue Property="TypeName" String="Tool for Production"/>
                        <PropertyValue Property="TypeNamePlural" String="Tool for Production"/>
                    </Record>
                </Annotation>
                <Annotation Term="UI.Identification">
                    <Collection>
                        <Record Type="UI.DataFieldForIntentBasedNavigation">
                            <PropertyValue Property="SemanticObject" String="MondiTool"/>
                            <PropertyValue Property="Action" String="forProduction"/>
                            <PropertyValue Property="RequiresContext" Bool="false"/>
                        </Record>
                    </Collection>
                </Annotation>
            </Annotations>
            <Annotations Target="cds_yst_xce_mm_tool_ui_prep.MfgOrderToolsOvpType">
                <Annotation Term="UI.HeaderInfo">
                    <Record>
                        <PropertyValue Property="TypeName" String="Tool for Production"/>
                        <PropertyValue Property="TypeNamePlural" String="Tool for Production"/>
                    </Record>
                </Annotation>
            </Annotations>
            <Annotations Target="cds_yst_xce_mm_tool_ui_prep.MfgOrderToolsWOvpType">
                <Annotation Term="UI.HeaderInfo">
                    <Record>
                        <PropertyValue Property="TypeName" String="Tool for Production"/>
                        <PropertyValue Property="TypeNamePlural" String="Tool for Production"/>
                    </Record>
                </Annotation>
                <Annotation Term="UI.Identification">
                    <Collection>
                        <Record Type="UI.DataFieldForIntentBasedNavigation">
                            <PropertyValue Property="SemanticObject" String="MondiTool"/>
                            <PropertyValue Property="Action" String="forProduction"/>
                            <PropertyValue Property="RequiresContext" Bool="false"/>
                        </Record>
                    </Collection>
                </Annotation>
            </Annotations>
            <Annotations Target="cds_yst_xce_mm_tool_ui_prep.ToolLifetimeOvpType">
                <Annotation Term="UI.HeaderInfo">
                    <Record>
                        <PropertyValue Property="TypeName" String="Tool Lifetime"/>
                        <PropertyValue Property="TypeNamePlural" String="Tool Lifetime"/>
                        <PropertyValue Property="Title">
                            <Record Type="UI.DataField">
                                <PropertyValue Property="Value" Path="Material"/>
                            </Record>
                        </PropertyValue>
                        <PropertyValue Property="Description">
                            <Record Type="UI.DataField">
                                <PropertyValue Property="Value" String="">
                                    <Annotation Term="Core.Messages">
                                        <Collection>
                                            <Record>
                                                <PropertyValue Property="code" String="SADL_GW_EXP_VOCAN-001"/>
                                                <PropertyValue Property="message" String="Property 'MaterialName' of annotation 'UI.HEADERINFO.DESCRIPTION' in proj./view 'ToolLifetimeOvp' not found"/>
                                                <PropertyValue Property="severity" String="error"/>
                                            </Record>
                                        </Collection>
                                    </Annotation>
                                </PropertyValue>
                            </Record>
                        </PropertyValue>
                    </Record>
                </Annotation>
                <Annotation Term="UI.Identification">
                    <Collection>
                        <Record Type="UI.DataField">
                            <PropertyValue Property="Value" Path="Material"/>
                        </Record>
                    </Collection>
                </Annotation>
                <Annotation Term="UI.Identification" Qualifier="NoRemainingUses">
                    <Collection>
                        <Record Type="UI.DataFieldForIntentBasedNavigation">
                            <PropertyValue Property="Label" String="Tool Lifetime"/>
                            <PropertyValue Property="SemanticObject" String="MondiTool"/>
                            <PropertyValue Property="Action" String="showLifetime"/>
                            <PropertyValue Property="RequiresContext" Bool="false"/>
                        </Record>
                    </Collection>
                </Annotation>
                <Annotation Term="UI.LineItem" Qualifier="NoRemainingUses">
                    <Collection>
                        <Record Type="UI.DataField">
                            <PropertyValue Property="Value" Path="Material"/>
                            <Annotation Term="UI.Importance" EnumMember="UI.ImportanceType/High"/>
                        </Record>
                        <Record Type="UI.DataField">
                            <PropertyValue Property="Value" Path="RemainingUsesOVP"/>
                            <Annotation Term="UI.Importance" EnumMember="UI.ImportanceType/High"/>
                        </Record>
                        <Record Type="UI.DataField">
                            <PropertyValue Property="Value" Path="LastProductionDate"/>
                            <Annotation Term="UI.Importance" EnumMember="UI.ImportanceType/High"/>
                        </Record>
                    </Collection>
                </Annotation>
                <Annotation Term="UI.PresentationVariant" Qualifier="NoRemainingUses">
                    <Record>
                        <PropertyValue Property="SortOrder">
                            <Collection>
                                <Record Type="Common.SortOrderType">
                                    <PropertyValue Property="Property" PropertyPath="RemainingUsesOVP"/>
                                    <PropertyValue Property="Descending" Bool="false"/>
                                </Record>
                                <Record Type="Common.SortOrderType">
                                    <PropertyValue Property="Property" PropertyPath="LastProductionDate"/>
                                    <PropertyValue Property="Descending" Bool="false"/>
                                </Record>
                            </Collection>
                        </PropertyValue>
                    </Record>
                </Annotation>
            </Annotations>
        </Schema>
    </edmx:DataServices>
</edmx:Edmx>